PRAGMA foreign_keys=OFF;
BEGIN TRANSACTION;
CREATE TABLE IF NOT EXISTS "schema_migrations" ("version" varchar NOT NULL PRIMARY KEY);
INSERT INTO schema_migrations VALUES('20210423044806');
INSERT INTO schema_migrations VALUES('20210423044858');
INSERT INTO schema_migrations VALUES('20210423102449');
INSERT INTO schema_migrations VALUES('20170331045923');
INSERT INTO schema_migrations VALUES('20170418070645');
INSERT INTO schema_migrations VALUES('20170427063848');
INSERT INTO schema_migrations VALUES('20170515060224');
INSERT INTO schema_migrations VALUES('20170526082243');
INSERT INTO schema_migrations VALUES('20170607073838');
INSERT INTO schema_migrations VALUES('20170628054901');
INSERT INTO schema_migrations VALUES('20210423124332');
INSERT INTO schema_migrations VALUES('20210427121748');
CREATE TABLE IF NOT EXISTS "ar_internal_metadata" ("key" varchar NOT NULL PRIMARY KEY, "value" varchar, "created_at" datetime NOT NULL, "updated_at" datetime NOT NULL);
INSERT INTO ar_internal_metadata VALUES('environment','development','2021-04-23 10:35:47.326362','2021-04-23 10:35:47.326362');
CREATE TABLE IF NOT EXISTS "users" ("id" INTEGER PRIMARY KEY AUTOINCREMENT NOT NULL, "name" varchar, "email" varchar, "image_name" varchar, "password_digest" varchar, "created_at" datetime NOT NULL, "updated_at" datetime NOT NULL);
INSERT INTO users VALUES(1,'にんじゃわんこ','wanko@prog-8.com','default_user.jpg','$2a$12$S1cU8KADssgDLflvqneOZeMXZ28N8I1HvLnfDeJZiV.n7m3E1pc0C','2017-04-18 08:06:52.739295','2017-04-18 08:06:52.739295');
INSERT INTO users VALUES(2,'ひつじ仙人','hitsuji@prog-8.com','2.jpg','$2a$12$I6v3E21OG8QgGjqHWu7Gou3szc5Eb4SsoeNl.2Ahm5WGiNxWc3PV2','2021-04-23 11:41:53.913362','2021-04-23 11:41:53.913362');
INSERT INTO users VALUES(3,'ベイビーわんこ','baby@prog-8.com','3.jpg','$2a$12$30fsOK/cdBai7XU94GPylubmcgI6NNyNfu/HFnf/FPUkayHIjYlG6','2021-04-23 11:43:49.518428','2021-04-23 11:43:49.518428');
INSERT INTO users VALUES(4,'しょう','sho@prog-8.com','4.jpg','$2a$12$uf1lruzc/6UEDGsbwSD8POUl8BUlHQvQ6TTuGLNVRFU1KqHPAR5Fq','2021-04-23 11:44:06.890585','2021-04-23 11:44:06.890585');
INSERT INTO users VALUES(5,'みちこ','michiko@prog-8.com','5.jpg','$2a$12$yucRe91NTHvJQVXmuc93s.wnBq1wEAcqox3PUNyrTw1LJHdT9toq.','2021-04-23 11:44:18.073129','2021-04-23 11:44:18.073129');
CREATE TABLE IF NOT EXISTS "posts" ("id" INTEGER PRIMARY KEY AUTOINCREMENT NOT NULL, "content" varchar, "user_id" integer, "created_at" datetime NOT NULL, "updated_at" datetime NOT NULL, "is_private" boolean DEFAULT 'f', "parent_id" integer);
INSERT INTO posts VALUES(1,'次は何の本を読もうかな。',1,'2017-03-31 05:24:15.529063',1,'f',NULL);
INSERT INTO posts VALUES(2,'今日のランチおいしかった。',2,'2017-03-31 05:24:32.004378',2,'f',NULL);
INSERT INTO posts VALUES(3,'今日はひつじ仙人にGitを教えてもらったぞ！着実に力が付いていっているのを感じる。そして、たまにはベイビーわんことも遊んでやらないとな。',1,'2017-03-31 06:00:32.004378',1,'f',NULL);
INSERT INTO posts VALUES(4,'にんじゃわんこ兄ちゃん、最近プログラミング頑張ってるなぁ。創りたいサービスがあるらしい。僕も頑張るぞー！',3,'2017-04-15 07:24:32.004378',3,'f',NULL);
INSERT INTO posts VALUES(5,'【プログラミング学習のProgate】Ruby on Rails学習コースⅢを修了しました！レベルがどんどん上がっていくから楽しい！',4,'2017-03-31 09:24:32.004378',4,'f',NULL);
INSERT INTO posts VALUES(6,'第1回Progate Sunday Schoolに参加してきた！にんじゃわんこのステッカーもらった(^o^)',5,'2017-03-31 09:24:32.004378',5,'f',NULL);
INSERT INTO posts VALUES(7,'もう少しでTweetApp完成するぞー！',1,'2017-06-01 02:32:59.458984',1,'f',NULL);
INSERT INTO posts VALUES(8,replace(replace('Railsの勉強TODO\r\n・Progateを進める','\r',char(13)),'\n',char(10)),4,'2021-04-26 07:29:34.510872','2021-04-26 07:29:34.510872','t',NULL);
INSERT INTO posts VALUES(9,'買い物リスト：じゃがいも・たまねご・にんじん',1,'2021-04-26 09:01:43.936580','2021-04-26 14:01:30.040692','t',NULL);
INSERT INTO posts VALUES(11,'自分で何か作ってみたいなー',4,'2021-04-27 12:40:18.305475','2021-04-27 12:40:18.305475','f',0);
INSERT INTO posts VALUES(12,'おー楽しみ！',4,'2021-04-27 12:41:32.204803','2021-04-27 12:41:32.204803','f',7);
INSERT INTO posts VALUES(14,'一緒に開発しようよ！',1,'2021-04-27 12:43:27.797639','2021-04-27 12:43:27.797639','f',4);
INSERT INTO posts VALUES(15,'ありがとう！',1,'2021-04-27 12:46:29.522669','2021-04-27 12:46:29.522669','f',12);
INSERT INTO posts VALUES(16,'また行きましょう！',1,'2021-04-27 12:47:44.652402','2021-04-27 12:47:44.652402','f',2);
INSERT INTO posts VALUES(17,'その調子で頑張るのじゃ',2,'2021-04-27 12:49:03.358049','2021-04-27 12:49:03.358049','f',3);
INSERT INTO posts VALUES(18,'じつはわしも少し手伝っておるぞ',2,'2021-04-27 12:49:44.921777','2021-04-27 12:49:44.921777','f',7);
INSERT INTO posts VALUES(19,'また来ておくれ',2,'2021-04-27 12:50:51.594590','2021-04-27 12:50:51.594590','f',6);
INSERT INTO posts VALUES(20,'その調子じゃ',2,'2021-04-27 12:51:15.253137','2021-04-27 12:51:15.253137','f',5);
CREATE TABLE IF NOT EXISTS "likes" ("id" INTEGER PRIMARY KEY AUTOINCREMENT NOT NULL, "user_id" integer, "post_id" integer, "created_at" datetime NOT NULL, "updated_at" datetime NOT NULL);
INSERT INTO likes VALUES(1,1,2,'2017-06-15 11:08:17.693706','2017-06-15 11:08:17.693706');
INSERT INTO likes VALUES(2,1,4,'2017-06-23 02:55:59.682026','2017-06-23 02:55:59.682026');
INSERT INTO likes VALUES(3,1,5,'2017-06-23 02:56:19.331528','2017-06-23 02:56:19.331528');
INSERT INTO likes VALUES(4,1,6,'2017-06-23 02:56:26.741958','2017-06-23 02:56:26.741958');
INSERT INTO likes VALUES(5,2,7,'2017-06-23 02:57:59.387263','2017-06-23 02:57:59.387263');
INSERT INTO likes VALUES(6,2,5,'2017-06-23 02:58:05.392782','2017-06-23 02:58:05.392782');
INSERT INTO likes VALUES(7,2,3,'2017-06-23 02:58:14.214305','2017-06-23 02:58:14.214305');
INSERT INTO likes VALUES(8,2,6,'2017-06-23 02:58:19.997630','2017-06-23 02:58:19.997630');
INSERT INTO likes VALUES(9,3,7,'2017-06-23 02:58:47.299819','2017-06-23 02:58:47.299819');
INSERT INTO likes VALUES(10,3,5,'2017-06-23 02:58:59.211449','2017-06-23 02:58:59.211449');
INSERT INTO likes VALUES(11,3,3,'2017-06-23 02:59:08.061375','2017-06-23 02:59:08.061375');
INSERT INTO likes VALUES(12,3,1,'2017-06-23 02:59:16.910039','2017-06-23 02:59:16.910039');
INSERT INTO likes VALUES(13,3,2,'2017-06-23 02:59:22.134075','2017-06-23 02:59:22.134075');
INSERT INTO likes VALUES(14,5,7,'2017-06-23 02:59:42.179684','2017-06-23 02:59:42.179684');
INSERT INTO likes VALUES(15,5,4,'2017-06-23 02:59:49.338710','2017-06-23 02:59:49.338710');
INSERT INTO likes VALUES(16,5,6,'2017-06-23 03:00:06.638632','2017-06-23 03:00:06.638632');
INSERT INTO likes VALUES(17,5,3,'2017-06-23 03:00:12.878890','2017-06-23 03:00:12.878890');
INSERT INTO likes VALUES(18,5,1,'2017-06-23 03:00:28.501397','2017-06-23 03:00:28.501397');
INSERT INTO likes VALUES(19,4,7,'2021-04-23 14:25:43.532141','2021-04-23 14:25:43.532141');
INSERT INTO likes VALUES(20,1,9,'2021-04-26 09:12:24.612043','2021-04-26 09:12:24.612043');
INSERT INTO likes VALUES(21,1,12,'2021-04-27 12:46:38.200990','2021-04-27 12:46:38.200990');
DELETE FROM sqlite_sequence;
INSERT INTO sqlite_sequence VALUES('posts',20);
INSERT INTO sqlite_sequence VALUES('users',6);
INSERT INTO sqlite_sequence VALUES('likes',21);
COMMIT;
